{"cameraMode":{"drawMode":0,"name":"Shaded","section":"Shading Mode"},"sceneLighting":false,"audioPlay":false,"sceneViewState":{"showFog":true,"showMaterialUpdate":false,"showSkybox":true,"showFlares":true,"showImageEffects":true,"showParticleSystems":true},"in2DMode":false,"pivot":{"x":0.0,"y":1.499999761581421,"z":-5.960464477539063e-8},"rotation":{"x":0.028804637491703035,"y":0.7174374461174011,"z":-0.029716942459344865,"w":0.6953924894332886},"size":1.3203651905059815,"orthographic":false}