{"cameraMode":{"drawMode":0,"name":"Shaded","section":"Shading Mode"},"sceneLighting":true,"audioPlay":false,"sceneViewState":{"showFog":true,"showMaterialUpdate":false,"showSkybox":true,"showFlares":true,"showImageEffects":true,"showParticleSystems":true},"in2DMode":false,"pivot":{"x":389.8800048828125,"y":106.10000610351563,"z":0.0},"rotation":{"x":-0.011999049223959446,"y":0.010499050840735436,"z":0.00012599465844687074,"w":0.9998728632926941},"size":542.1693115234375,"orthographic":true}